table_name,column_name,target_type,format_string,is_active
merchant_reference,merchant_id,STRING,,True
merchant_reference,merchant_name,STRING,,True
merchant_reference,mcc_code,STRING,,True
merchant_reference,mcc_description,STRING,,True
merchant_reference,category_group,STRING,,True
merchant_reference,merchant_city,STRING,,True
merchant_reference,merchant_state,STRING,,True
merchant_reference,merchant_country,STRING,,True
merchant_reference,merchant_lat,DECIMAL,,True
merchant_reference,merchant_lon,DECIMAL,,True
merchant_reference,is_high_risk_mcc,BOOLEAN,,True
market_rates,rate_date,DATE,yyyy-MM-dd,True
market_rates,rate_type,STRING,,True
market_rates,rate_value,DECIMAL,,True
market_rates,change_from_previous,DECIMAL,,True
market_rates,rba_decision,STRING,,True
customer_master,customer_id,STRING,,True
customer_master,customer_type,STRING,,True
customer_master,first_name,STRING,,True
customer_master,last_name,STRING,,True
customer_master,date_of_birth,DATE,yyyy-MM-dd,True
customer_master,gender,STRING,,True
customer_master,state,STRING,,True
customer_master,postcode,STRING,,True
customer_master,occupation_code,INTEGER,,True
customer_master,income_band,STRING,,True
customer_master,customer_since_date,DATE,yyyy-MM-dd,True
customer_master,kyc_status,STRING,,True
customer_master,preferred_channel,STRING,,True
customer_master,nps_score,INTEGER,,True
customer_master,segment_code,STRING,,True
customer_master,relationship_manager_id,STRING,,True
customer_master,marketing_consent,BOOLEAN,,True
customer_master,created_at,TIMESTAMP,yyyy-MM-dd HH:mm:ss,True
customer_master,updated_at,TIMESTAMP,yyyy-MM-dd HH:mm:ss,True
customer_master,is_churn,BOOLEAN,,True
account_master,account_id,STRING,,True
account_master,customer_id,STRING,,True
account_master,account_type,STRING,,True
account_master,product_code,STRING,,True
account_master,open_date,DATE,yyyy-MM-dd,True
account_master,close_date,DATE,yyyy-MM-dd,True
account_master,account_status,STRING,,True
account_master,currency_code,STRING,,True
account_master,current_balance,DECIMAL,,True
account_master,available_balance,DECIMAL,,True
account_master,credit_limit,DECIMAL,,True
account_master,interest_rate,DECIMAL,,True
account_master,branch_code,STRING,,True
account_master,is_primary_account,BOOLEAN,,True
account_master,last_transaction_date,DATE,yyyy-MM-dd,True
account_master,overdraft_limit,DECIMAL,,True
account_master,created_at,TIMESTAMP,yyyy-MM-dd HH:mm:ss,True
account_master,updated_at,TIMESTAMP,yyyy-MM-dd HH:mm:ss,True
loan_master,loan_id,STRING,,True
loan_master,account_id,STRING,,True
loan_master,customer_id,STRING,,True
loan_master,loan_type,STRING,,True
loan_master,loan_purpose,STRING,,True
loan_master,origination_date,DATE,yyyy-MM-dd,True
loan_master,maturity_date,DATE,yyyy-MM-dd,True
loan_master,original_principal,DECIMAL,,True
loan_master,outstanding_balance,DECIMAL,,True
loan_master,interest_rate_type,STRING,,True
loan_master,interest_rate,DECIMAL,,True
loan_master,repayment_type,STRING,,True
loan_master,repayment_frequency,STRING,,True
loan_master,monthly_repayment,DECIMAL,,True
loan_master,arrears_days,INTEGER,,True
loan_master,arrears_amount,DECIMAL,,True
loan_master,lvr,DECIMAL,,True
loan_master,property_state,STRING,,True
loan_master,fixed_rate_expiry,DATE,yyyy-MM-dd,True
loan_master,offset_account_id,STRING,,True
product_holdings,holding_id,STRING,,True
product_holdings,customer_id,STRING,,True
product_holdings,product_category,STRING,,True
product_holdings,product_code,STRING,,True
product_holdings,start_date,DATE,yyyy-MM-dd,True
product_holdings,end_date,DATE,yyyy-MM-dd,True
product_holdings,status,STRING,,True
product_holdings,is_primary,BOOLEAN,,True
device_events,event_id,STRING,,True
device_events,customer_id,STRING,,True
device_events,device_id,STRING,,True
device_events,event_timestamp,TIMESTAMP,yyyy-MM-dd HH:mm:ss,True
device_events,event_type,STRING,,True
device_events,device_type,STRING,,True
device_events,device_model,STRING,,True
device_events,os_version,STRING,,True
device_events,app_version,STRING,,True
device_events,ip_address,STRING,,True
device_events,ip_country,STRING,,True
device_events,ip_city,STRING,,True
device_events,is_vpn,BOOLEAN,,True
device_events,is_jailbroken,BOOLEAN,,True
device_events,session_duration_sec,INTEGER,,True
device_events,login_success,BOOLEAN,,True
device_events,failed_auth_count,INTEGER,,True
device_events,channel_action,STRING,,True
transaction_fact,transaction_id,STRING,,True
transaction_fact,account_id,STRING,,True
transaction_fact,customer_id,STRING,,True
transaction_fact,transaction_date,DATE,yyyy-MM-dd,True
transaction_fact,transaction_timestamp,TIMESTAMP,yyyy-MM-dd HH:mm:ss,True
transaction_fact,transaction_type,STRING,,True
transaction_fact,transaction_channel,STRING,,True
transaction_fact,amount,DECIMAL,,True
transaction_fact,running_balance,DECIMAL,,True
transaction_fact,counterparty_account,STRING,,True
transaction_fact,counterparty_bsb,STRING,,True
transaction_fact,counterparty_name,STRING,,True
transaction_fact,reference_text,STRING,,True
transaction_fact,merchant_id,STRING,,True
transaction_fact,mcc_code,STRING,,True
transaction_fact,country_code,STRING,,True
transaction_fact,city,STRING,,True
transaction_fact,is_flagged,BOOLEAN,,True
transaction_fact,flag_reason,STRING,,True
transaction_fact,processing_date,DATE,yyyy-MM-dd,True
transaction_fact,batch_id,STRING,,True
card_transaction_fact,card_txn_id,STRING,,True
card_transaction_fact,card_id,STRING,,True
card_transaction_fact,account_id,STRING,,True
card_transaction_fact,customer_id,STRING,,True
card_transaction_fact,auth_timestamp,TIMESTAMP,yyyy-MM-dd HH:mm:ss,True
card_transaction_fact,settlement_date,DATE,yyyy-MM-dd,True
card_transaction_fact,amount,DECIMAL,,True
card_transaction_fact,currency_code,STRING,,True
card_transaction_fact,aud_amount,DECIMAL,,True
card_transaction_fact,merchant_id,STRING,,True
card_transaction_fact,merchant_name,STRING,,True
card_transaction_fact,mcc_code,STRING,,True
card_transaction_fact,merchant_country,STRING,,True
card_transaction_fact,merchant_city,STRING,,True
card_transaction_fact,terminal_type,STRING,,True
card_transaction_fact,entry_mode,STRING,,True
card_transaction_fact,is_cnp,BOOLEAN,,True
card_transaction_fact,is_international,BOOLEAN,,True
card_transaction_fact,device_id,STRING,,True
card_transaction_fact,ip_address,STRING,,True
card_transaction_fact,response_code,STRING,,True
card_transaction_fact,is_disputed,BOOLEAN,,True
card_transaction_fact,dispute_reason,STRING,,True
card_transaction_fact,auth_code,STRING,,True
card_transaction_fact,batch_id,STRING,,True
account_balance_snapshot,snapshot_id,STRING,,True
account_balance_snapshot,account_id,STRING,,True
account_balance_snapshot,customer_id,STRING,,True
account_balance_snapshot,snapshot_date,DATE,yyyy-MM-dd,True
account_balance_snapshot,closing_balance,DECIMAL,,True
account_balance_snapshot,average_balance,DECIMAL,,True
account_balance_snapshot,min_balance,DECIMAL,,True
account_balance_snapshot,max_balance,DECIMAL,,True
account_balance_snapshot,credit_count,INTEGER,,True
account_balance_snapshot,debit_count,INTEGER,,True
account_balance_snapshot,total_credits,DECIMAL,,True
account_balance_snapshot,total_debits,DECIMAL,,True
account_balance_snapshot,fee_amount,DECIMAL,,True
digital_activity,activity_id,STRING,,True
digital_activity,customer_id,STRING,,True
digital_activity,session_id,STRING,,True
digital_activity,activity_timestamp,TIMESTAMP,yyyy-MM-dd HH:mm:ss,True
digital_activity,activity_type,STRING,,True
digital_activity,channel,STRING,,True
digital_activity,feature_area,STRING,,True
digital_activity,duration_seconds,INTEGER,,True
digital_activity,is_completed,BOOLEAN,,True
support_tickets,ticket_id,STRING,,True
support_tickets,customer_id,STRING,,True
support_tickets,account_id,STRING,,True
support_tickets,created_at,TIMESTAMP,yyyy-MM-dd HH:mm:ss,True
support_tickets,resolved_at,TIMESTAMP,yyyy-MM-dd HH:mm:ss,True
support_tickets,resolution_hours,INTEGER,,True
support_tickets,channel,STRING,,True
support_tickets,ticket_category,STRING,,True
support_tickets,ticket_subcategory,STRING,,True
support_tickets,priority,STRING,,True
support_tickets,status,STRING,,True
support_tickets,sentiment_score,DECIMAL,,True
support_tickets,subject,STRING,,True
support_tickets,description,STRING,,True
support_tickets,resolution_notes,STRING,,True
support_tickets,escalated_flag,BOOLEAN,,True
support_tickets,nps_post_resolution,INTEGER,,True
support_tickets,agent_id,STRING,,True
